{"name":"IT Support Assistant","intents":[{"intent":"Connect_To_Agent","examples":[{"text":"i need to chat with someone"},{"text":"i want to speak to agent"},{"text":"you haven't helped me at all"},{"text":"Can I speak to a representative?"},{"text":"Can I speak with a human?"},{"text":"Connect me to an agent"},{"text":"I don't want to talk to a robot"},{"text":"I'm done chatting with you"},{"text":"I want to speak with a representative"},{"text":"I want to talk to a person"},{"text":"Can I speak with a live agent?"},{"text":"I want to talk to a real agent"},{"text":"I want to talk to a real person"},{"text":"this is the worst"},{"text":"rep"},{"text":"representative"},{"text":"i want an agent now"}],"description":"Detect user asking to be connected with an agent or an expert"},{"intent":"Submit_Service_Request","examples":[{"text":"Password change consistently fails with error"},{"text":"After Reseting Password website is not asking for new password"},{"text":"Can't reset password for SAP credentials when logged in via OpenID"},{"text":"Problems reseting password with new email"},{"text":"Cannot make Skype calls because of Norton antivirus blocking"},{"text":"having problems with outlook"},{"text":"Cannot install Slack because of Symantec firewall"},{"text":"Need the latest version of Blue Prism on my laptop"},{"text":"I want project installed"},{"text":"I need Microsoft Project installed on my machine"},{"text":"Need to patch a server with the latest fixes"},{"text":"Printer is not working in my floor"},{"text":"I broke my phone. Need a replacement"},{"text":"Laptop is heating up badly. Need to get it checked"},{"text":"Would like a Wifi repeater installed"},{"text":"I want to order a new laptop for an employee who will join next month"},{"text":"I need a new Macbook for dev work."},{"text":"Cannot print. Need this fixed ASAP"},{"text":"Need help deploying an app to the server"},{"text":"Can you upgrade the iOS on my iPad?"},{"text":"I have issues making Slack calls"},{"text":"Workstation is making a grinding noise"},{"text":"Forgot password"}],"description":"Intent to handle service requests incl trouble tickets from end users"},{"intent":"Request_Access","examples":[{"text":"I want the rights to access Salesforce"},{"text":"Whom to contact to request access to an app?"},{"text":"give me access to SAP ERP"},{"text":"I need to view the sales reports. Add me to allowed users list"},{"text":"enable access"},{"text":"Allow me to access"},{"text":"let me in"},{"text":"How do I get access to the billing application?"},{"text":"give me access to the SAP ERP system"},{"text":"I need access to Concur"},{"text":"Why do I get a not allowed error message when accessing the portal?"},{"text":"How to submit an app access request?"},{"text":"I cannot find the Box folder"},{"text":"Need to get to the HR app"}],"description":"Request access to an application or resource"},{"intent":"Tell_Joke","examples":[{"text":"humor me"},{"text":"got a joke?"},{"text":"joke?"},{"text":"know any jokes?"},{"text":"are you funny"},{"text":"can you tell me a joke?"},{"text":"can you make me laugh?"},{"text":"make me laugh tell me a joke"},{"text":"do you have a joke?"}],"description":"Understand if a user is asking to tell a joke"},{"intent":"Detect_Frustration","examples":[{"text":"you have f***king no idea what I'm saying"},{"text":"you have frikin no idea what I'm saying"},{"text":"you are useless"},{"text":"you suck"},{"text":"fuck you"},{"text":"frustrating"},{"text":"does not make sense"},{"text":"unhappy"},{"text":"I'm really pissed"},{"text":"not happy"},{"text":"this sucks"},{"text":"I hate this!"},{"text":"you don't understand what I'm saying"},{"text":"screw you"},{"text":"i am upset"}],"description":"Detect frustration expressed by the user"},{"intent":"Handle_Greeting","examples":[{"text":"Looking good eve"},{"text":"Hey you"},{"text":"Hi advisor"},{"text":"Hi there"},{"text":"hiya"},{"text":"How are things going?"},{"text":"How are you today?"},{"text":"How have you been?"},{"text":"How is it going?"},{"text":"How r u?"},{"text":"Ok take me back"},{"text":"What's new?"},{"text":"What's up?"},{"text":"Who is this?"},{"text":"yo"},{"text":"You there"},{"text":"Hey there all"},{"text":"Hey there"},{"text":"Hey how are you doing"},{"text":"Hello I am looking for some help here"},{"text":"Hello Agent"},{"text":"Have you been well?"},{"text":"Greetings"},{"text":"Good to see you"},{"text":"Good morning"},{"text":"Good evening"},{"text":"Good day"},{"text":"Hey twin"},{"text":"i need help"}],"description":"Understand a user greeting message"},{"intent":"Reset_Password","examples":[{"text":"I cannot access my system"},{"text":"I forgot my password"},{"text":"How do I reset a password"},{"text":"reset my pwd and text it my phone"},{"text":"reset my login password"},{"text":"forgot password. what to do?"},{"text":"cannot login into my email"},{"text":"Reset my password please"},{"text":"Initiate a password reset"},{"text":"password reset"},{"text":"don't remember my pass"}],"description":"Intent for handling password requests from users"},{"intent":"Query_Request_Status","examples":[{"text":"What is that status on 1614897511"},{"text":"status of my request"},{"text":"what happened to my service request?"},{"text":"are you working on my ticket?"},{"text":"what is the ETA on the completion of my service request?"},{"text":"can you provide an update on my ask for help with install?"},{"text":"When will a technician some to fix my problem?"},{"text":"when will my issue get resolved?"},{"text":"what was the last known update to my ticket?"},{"text":"can you tell me whats happening with my ticket?"}],"description":"Query and find out the status of a previously submitted service request"},{"intent":"Handle_Goodbye","examples":[{"text":"Thanks. Goodbye"},{"text":"Awesome. Talk to you soon."},{"text":"thanks for all the help"},{"text":"you were great"},{"text":"see ya"},{"text":"ciao"},{"text":"take care"},{"text":"I will see you later"},{"text":"That's great. Talk to you later"},{"text":"Perfect. Goodbye."},{"text":"bye bye"},{"text":"Thank you very much. Talk to you later"},{"text":"Thanks. Bye for now"}],"description":"Understand a user goodbye or sign-off message"},{"intent":"Engage_In_ChitChat","examples":[{"text":"what do you think about Microsoft AI?"},{"text":"what is your favorite color?"},{"text":"What is your favorite food?"},{"text":"what languages do you speak?"},{"text":"what's bigger, the moon or the sun?"},{"text":"what's your favorite song?"},{"text":"when is your birthdya?"},{"text":"are you happy?"},{"text":"how is the weather?"},{"text":"Will you marry me"},{"text":"who are you?"},{"text":"tell me the time what does your watch say?"},{"text":"can you tell me the exact time now?"},{"text":"what time is it?"},{"text":"what is the time?"},{"text":"Are you Watson?"},{"text":"what is the date?"},{"text":"What are you written in?"},{"text":"WHat do you like to do"}],"description":"Detect chit-chat and small talk utterances"},{"intent":"Irrelevant","examples":[{"text":"which investments should I make?"},{"text":"how to quit my job?"},{"text":"what is the winning lottery number?"},{"text":"how many days of vacation do I have?"},{"text":"buy me coffee"},{"text":"Please cancel the order that was recently placed"},{"text":"What was my last bill?"},{"text":"Can I check my bill?"},{"text":"Will it be uncomfortably hot?"},{"text":"Displaced fracture of lesser tuberosity of unspecified humerus"},{"text":"i hate my job"},{"text":"how to thrash my laptop?"},{"text":"schedule a meeting for me"}],"description":"Irrelevant examples for the model to learn."}],"entities":[{"entity":"location","values":[{"type":"patterns","value":"USzip","patterns":["(\\b|\\s)\\d{5}(\\b|\\s)"]}]},{"entity":"issue_type","values":[{"type":"synonyms","value":"software installation","synonyms":["updates","patches","install","fixes","installation","patch","update"]},{"type":"synonyms","value":"System Access","synonyms":["password","password change","recover password"]},{"type":"synonyms","value":"Printer Malfunction","synonyms":["jammed","no ink","cannot print","no longer print","print","paper jam","jam","printer"]}]},{"entity":"user_department","values":[{"type":"synonyms","value":"Sales","synonyms":["sales"]},{"type":"synonyms","value":"IT Support","synonyms":["support","helpdesk"]},{"type":"synonyms","value":"Engineering","synonyms":["development","eng","dev"]},{"type":"synonyms","value":"Information Technology","synonyms":["IT","I.T"]},{"type":"synonyms","value":"Research and Development","synonyms":["R&D","research"]},{"type":"synonyms","value":"Marketing","synonyms":[]},{"type":"synonyms","value":"Finance","synonyms":["treasury","FS","FSS"]},{"type":"synonyms","value":"Accounting","synonyms":["accounts","acct","acc"]},{"type":"synonyms","value":"Human Resource Management","synonyms":["HR","personel"]}],"fuzzy_match":true},{"entity":"sys-date","values":[]},{"entity":"sys-person","values":[]},{"entity":"sys-time","values":[]},{"entity":"response","values":[{"type":"synonyms","value":"no","synonyms":["something else","other","do not","don't","false","negative","nope","not","not right","not that","nopes","nay","na"]},{"type":"synonyms","value":"yes","synonyms":["alright","correct","fine","I guess","I think so","maybe","si","sure","totally","ya","yah","ye","yeah","yep","you bet","yup"]}]},{"entity":"sys-percentage","values":[]},{"entity":"sys-location","values":[]},{"entity":"contact","values":[{"type":"patterns","value":"usPhone","patterns":["(\\d{3})-(\\d{3})-(\\d{4})"]},{"type":"patterns","value":"website","patterns":["(https?:\\/\\/)?([\\da-z\\.-]+)\\.([a-z\\.]{2,6})([\\/\\w \\.-]*)*\\/?$"]},{"type":"patterns","value":"email","patterns":["\\b[A-Za-z0-9._%+-]+@[A-Za-z0-9.-]+\\.[A-Za-z]{2,}\\b"]},{"type":"patterns","value":"phone","patterns":["^[\\+]?[(]?[0-9]{3}[)]?[-\\s\\.]?[0-9]{3}[-\\s\\.]?[0-9]{4,6}$"]},{"type":"patterns","value":"internationalPhone","patterns":["^(\\(?\\+?[0-9]*\\)?)?[0-9_\\- \\(\\)]*$"]}]},{"entity":"acknowledgement","values":[{"type":"synonyms","value":"yes","synonyms":["alright","sure","yeah","yep","yes","yup"]},{"type":"synonyms","value":"no","synonyms":["cancel","ignore","ignore that","nada","neah","never mind","no","nope"]}]},{"entity":"sys-currency","values":[]},{"entity":"sys-number","values":[]},{"entity":"timePeriods","values":[{"type":"synonyms","value":"last three days","synonyms":["3 days"]},{"type":"synonyms","value":"last quarter","synonyms":["last Q"]},{"type":"synonyms","value":"last month","synonyms":[]},{"type":"synonyms","value":"last day","synonyms":["yesterday"]},{"type":"synonyms","value":"existing","synonyms":["old","already reported"]},{"type":"synonyms","value":"last week","synonyms":["previous week"]},{"type":"synonyms","value":"new","synonyms":["upcoming","recent","novel"]}],"fuzzy_match":true},{"entity":"software_category","values":[{"type":"synonyms","value":"Mail Server","synonyms":["MS Exchange","Lotus Notes","inotes","groupware","exchange server","lotus domino","notes","exchange"]},{"type":"synonyms","value":"Programming Language","synonyms":["Python","C++","C","Node.js","Java","Go","Scala"]},{"type":"synonyms","value":"Database","synonyms":["MongoDB","NoSQL","Cla","Infosys","Oracle","DB2","postgres","postgresql","mysql","couchdb","memcached","sql","redis"]},{"type":"synonyms","value":"Application server","synonyms":["TomCat","WebLogic","WebSphere","jboss"]}]},{"entity":"application","values":[{"type":"synonyms","value":"Microsoft Skype","synonyms":["skype"]},{"type":"synonyms","value":"Slack","synonyms":[]},{"type":"synonyms","value":"IBM Notes","synonyms":["notes","lotus notes"]},{"type":"synonyms","value":"Microsoft Project","synonyms":["project","mpp","MS Project"]},{"type":"synonyms","value":"Microsoft Outlook","synonyms":["outlook","ms email"]}]},{"entity":"manufacturer","values":[{"type":"synonyms","value":"IBM","synonyms":["ibm"]},{"type":"synonyms","value":"Amazon","synonyms":[]},{"type":"synonyms","value":"Microsoft","synonyms":[]},{"type":"synonyms","value":"Juniper","synonyms":[]},{"type":"synonyms","value":"Cisco","synonyms":[]},{"type":"synonyms","value":"Xerox","synonyms":[]},{"type":"synonyms","value":"Epson","synonyms":[]},{"type":"synonyms","value":"Canon","synonyms":[]},{"type":"synonyms","value":"LG","synonyms":[]},{"type":"synonyms","value":"Apple","synonyms":[]},{"type":"synonyms","value":"HP","synonyms":[]},{"type":"synonyms","value":"Lenovo","synonyms":[]},{"type":"synonyms","value":"Samsung","synonyms":[]},{"type":"synonyms","value":"Google","synonyms":[]}],"fuzzy_match":true},{"entity":"hardware_category","values":[{"type":"synonyms","value":"Mobile Device","synonyms":["cell phone","ipad","iphone","pixel","smartphone","ipod","iphones","ios","apple","fire","s8"]},{"type":"synonyms","value":"Printer","synonyms":["Ink printer","Line printer","Laser printer","printers","printing","inkjet","copier","laserjet","ink","lexmark","deskjet","toner","epson","scanner"]},{"type":"synonyms","value":"Computer","synonyms":["PC","Mainframe","Mac","Laptop","AS400","computers","pcs","netbook","macintosh","laptops","notebook","macs","desktop","macbook","mbp","workstation"]},{"type":"synonyms","value":"Network","synonyms":["firewall","router","wifi","wireless","switch","routers","firewalls","networks","wlan","wirelessly","modem","vpn","connectivity"]}]},{"entity":"user_email","values":[{"type":"patterns","value":"email","patterns":["\\b[A-Za-z0-9._%+-]+@[A-Za-z0-9.-]+\\.[A-Za-z]{2,}\\b"]}],"fuzzy_match":true},{"entity":"severity","values":[{"type":"synonyms","value":"2","synonyms":["m","medium","2"]},{"type":"synonyms","value":"1","synonyms":["h","high","1"]},{"type":"synonyms","value":"3","synonyms":["l","low","3"]}]},{"entity":"customer_engagement_emotion","values":[{"type":"synonyms","value":"anger","synonyms":["aggravate","aggravated","aggravation","aggress","aggression","aggressive","aggressiveness","amok","amuck","anger","angered","angri","angrili","angrily","angry","animos","animosity","animus","annoy","annoyance","annoyed","annoying","antagon","antagonism","avarici","avaricious","bad_blood","bad_temp","bad_temper","baffl","baffled","balk","balked","bedevil","begrudg","begrudge","begrudging","belliger","belligerence","belligerency","belligerent","belligerently","bitter","bitterness","bother","bothersom","bothersome","brood","chafe","choler","choleric","class_feel","class_feeling","contemn","covet","covetous","covetously","covetousness","crucifi","crucify","dander","despis","despisal","despise","despising","despit","despiteful","detest","detestation","devil","discourag","discouraged","disdain","displeas","displease","displeased","displeasing","displeasingly","displeasur","displeasure","dudgeon","dun","enfuri","enfuriate","enmiti","enmity","enrag","enraged","enragement","envi","enviabl","enviable","enviably","envious","enviously","enviousness","envy","evil","exacerb","exacerbate","exasper","exasperate","exasperating","exasperation","execr","execrate","execration","fit","frustrat","frustrate","frustrated","frustrating","frustration","furi","furious","furiously","fury","gall","galling","get_at","get_to","grabbi","grabby","grasp","grasping","gravel","greedi","greedy","green-ey","green-eyed","green-eyed_monst","green-eyed_monster","grievanc","grievance","grizzl","grizzle","grudg","grudge","grudging","hackl","hackles","harass","harassed","harassment","harri","harried","hate","hateful","hatefully","hatr","hatred","heartburn","heartburning","high_dudgeon","hostil","hostile","hostilely","hostility","huffi","huffili","huffily","huffiness","huffish","huffishness","huffy","ill_temp","ill_temper","ill_wil","ill_will","incens","incense","incensed","indign","indignant","indignantly","indignation","infuri","infuriate","infuriated","infuriating","infuriation","irasc","irascibility","irascible","ire","irrit","irritate","irritated","irritating","irritation","jealous","jealousi","jealously","jealousy","livid","lividity","lividly","loath","loathe","loathing","mad","madden","maddened","maddening","madness","malef","malefic","maleficence","malevol","malevolence","malevolent","malevolently","malic","malice","malici","malicious","maliciously","maliciousness","malign","malignity","misanthrop","misanthropi","misanthropic","misanthropical","misanthropy","misocainea","misogami","misogamy","misogyn","misogyni","misogynic","misogynism","misogyny","misolog","misology","mison","misoneism","misopedia","murder","murderously","murderousness","nark","nettl","nettle","nettled","nettlesom","nettlesome","odium","abhor","abhorr","abhorrence","abomin","abominate","abomination","aggrav","offend","offens","offense","oppress","outrag","outrage","outraged","overjeal","overjealous","peev","peeved","persecut","persecute","peski","pesky","pester","pestered","pestering","pestifer","pestiferous","piqu","pique","piss","pissed","plaguey","plaguy","pout","prehensil","prehensile","provok","provoked","quick_temp","quick_temper","rag","rage","rancor","rancour","resent","resentful","resentfully","resentment","reveng","revengefully","rile","riled","roil","roiled","scene","score","scorn","see_r","see_red","short_temp","short_temper","sore","spite","spiteful","spitefulness","spleen","stew","stung","sulk","sulki","sulkiness","sulky","tantal","tantalize","tantrum","teas","teasing","temper","the_green-eyed_monst","the_green-eyed_monster","torment","umbrag","umbrage","umbrageous","veng","vengefully","vengefulness","venom","vex","vexat","vexati","vexation","vexatious","vexed","vexing","vindict","vindictive","vindictively","vindictiveness","warpath","with_hostil","with_hostility","wrath","wrathful","wrathfully","wroth","wrothful"]},{"type":"synonyms","value":"sadness","synonyms":["aggriev","aggrieve","attrit","attrition","bad","bereav","bereaved","bereft","blue","blue_devil","blue_devils","bore","bored","brokenhearted","brokenheartedness","cast_down","cheerless","cheerlessly","cheerlessness","compunct","compunction","contrit","contrite","contritely","contriteness","contrition","dark","deject","demor","demoralis","demoralising","demoralization","demoralize","demoralized","demoralizing","deplor","deplorable","deplorably","depress","depressed","depressing","depression","depressive","desol","desolate","desolation","despair","despairingly","despond","despondence","despondency","despondent","despondently","dingi","dingy","disconsol","disconsolate","disconsolateness","discourag","discouraged","dishearten","disheartened","disheartening","dismal","dismay","dispirit","dispirited","dispiritedness","dispiriting","distress","distressed","dole","doleful","dolefully","dolefulness","dolor","dolorous","dolour","dolourous","down","downcast","downheart","downhearted","downheartedness","downtrodden","drab","drear","dreari","dreary","dysphor","dysphoria","dysphoric","execr","execrable","forlorn","forlornly","forlornness","get_down","gloom","gloomful","gloomi","gloomili","gloomily","gloominess","glooming","gloomy","glum","godforsaken","grief","grief-stricken","griev","grieve","grieving","grievous","grievously","grim","guilt","guilt_feel","guilt_feelings","guilt_trip","guilti","guilty","guilty_consci","guilty_conscience","hangdog","hapless","harass","heartach","heartache","heartbreak","heartbreaking","heartrend","heartrending","heartsick","heartsickness","heavyheart","heavyhearted","heavyheartedness","helpless","helplessness","joyless","joylessly","joylessness","lachrymos","lachrymose","laden","lament","lamentably","loneli","loneliness","long-fac","long-faced","lorn","low","low-spirit","low-spirited","low-spiritedness","melanchol","melancholi","melancholic","melancholy","miser","miserable","miserably","miseri","misery","misfortun","misfortunate","mourn","mournful","mournfully","mournfulness","mourning","oppress","oppressed","oppression","oppressive","oppressively","oppressiveness","pathet","pathetic","penanc","penance","penit","penitence","penitent","penitenti","penitentially","penitently","persecut","persecute","persecuted","piteous","piti","pitiabl","pitiable","pitiful","pitying","plaintiv","plaintive","plaintively","plaintiveness","poor","regret","regretful","remors","remorse","remorseful","remorsefully","repent","repentance","repentant","repentantly","rue","rueful","ruefulli","ruefully","ruefulness","ruth","ruthfulness","sad","sadden","saddening","sadly","sadness","self-piti","self-pity","self-reproach","shame","shamed","shamefac","shamefaced","somber","somberness","sorri","sorrow","sorrowful","sorrowfully","sorrowfulness","sorrowing","sorry","sorry_for","suffer","suffering","tear","tearful","tearfulness","tyrann","tyrannical","tyrannous","uncheer","uncheerful","uncheerfulness","unhappi","unhappiness","unhappy","weep","weepi","weepiness","weeping","weight","Weltschmerz","woe","woebegon","woebegone","woeful","woefulli","woefully","woefulness","world-weari","world-weariness","world-weary","wretch","wretched"]},{"type":"synonyms","value":"joy","synonyms":["admir","admirable","admirably","admiration","admire","ador","adorably","adoration","adoring","affect","affection","affectional","affectionate","affectionateness","affective","amat","amative","amatori","amatory","amic","amicability","amicable","amicableness","amicably","amor","amorous","amorousness","anticip","anticipate","anticipation","appreci","appreciated","approb","approbative","approbatori","approbatory","approv","approval","approve","approved","approving","ardor","ardour","attach","attachment","avid","avidity","avidness","bang","banter","barrack","be_on_cloud_nin","be_on_cloud_nine","beam","beaming","becharm","beguil","beguile","beguiled","belong","belonging","benef","benefic","beneficed","beneficence","beneficent","benefici","beneficially","benevol","benevolence","benevolent","benevolently","bewitch","bewitching","blith","blithely","blitheness","bonheur","brother","brotherhood","brotherlik","brotherlike","brotherly","buoyanc","buoyancy","calf_lov","calf_love","captiv","captivate","captivated","captivating","captivation","captur","capture","care","carefre","carefree","carefreeness","caring","catch","chaff","charg","charge","charit","charitable","charm","charmed","cheer","cheer_up","cheerful","cheerfully","cheerfulness","cheeri","cheering","cheery","chirk_up","cliff-hang","cliff-hanging","close","closeness","comfort","comfortable","comfortableness","comfortably","comforting","commend","commendable","compat","compatibility","compatible","compatibly","complac","complacence","complacency","complacent","concern","congratul","congratulate","consol","console","content","contented","contentment","crush","delight","delighted","devot","devoted","devotedness","devotion","eager","eagerly","eagerness","ebulli","ebullient","ebulliently","elan","elat","elate","elated","elating","elation","embolden","emot","emotive","empath","empathet","empathetic","empathetically","empathi","empathic","empathy","enamor","enamored","enamoredness","enamour","enchant","enchanting","enchantment","endear","endearingly","enjoy","enthral","enthralled","enthralling","enthrallment","enthusiasm","enthusiast","enthusiastic","enthusiastically","entranc","entrance","entranced","entrancing","esteem","euphor","euphori","euphoria","euphoriant","euphoric","exalt","excit","excitement","exciting","exhilar","exhilarate","exhilarated","exhilarating","exhilaration","exhort","expans","expansively","expect","expectancy","exuber","exuberance","exuberant","exuberantly","exult","exultant","exultantly","exultation","exulting","exultingly","fanci","fancy","fascin","fascinate","fascinating","fascination","favor","favorable","favorably","favour","favourable","favourably","feeling_of_ident","feeling_of_identity","fellow_feel","fellow_feeling","festal","festiv","festive","flush","fond","fond_regard","fondly","fondness","fratern","fraternal","friend","friendli","friendliness","friendly","fulfil","fulfill","fulfillment","fulfilment","gaieti","gaiety","gala","gay","gayli","gayly","giving_protect","giving_protection","glad","gladden","gladdened","gladfulness","gladness","gladsom","gladsome","gladsomeness","glee","gleeful","gleefulli","gleefully","gleefulness","gloat","gloating","gloatingly","good","good_wil","good_will","goodwil","goodwill","gratifi","gratify","gratifying","gratifyingly","great","gusto","happi","happili","happily","happiness","happy","heart","hearten","hero_worship","high_spirit","high_spirits","high-spirit","high-spirited","hilar","hilari","hilarious","hilariously","hilarity","identif","identifi","identification","identify","impress","infatu","infatuation","insouci","insouciance","inspir","inspire","interest","intimaci","intimacy","intox","intoxicate","jocular","jocularity","jocund","jocundity","jolli","jolliti","jollity","jolly","jolly_along","jolly_up","jovial","joviality","joy","joyful","joyfully","joyfulness","joyous","joyously","joyousness","jubil","jubilance","jubilancy","jubilant","jubilantly","jubilate","jubilation","jump_for_joy","keen","keenness","kick","kid","kind","kindheart","kindhearted","kindheartedness","kindly","laudabl","laudably","lift_up","lighthearted","lightheartedness","lightsom","lightsomeness","likabl","likable","like","likeabl","likeable","liking","live_up_to","look_for","look_to","look_up_to","love","lovesom","lovesome","loving","lovingly","lovingness","loyalti","loyalty","merri","merrili","merrily","merriment","merry","mirth","mirthful","mirthfully","mirthfulness","move","near","nigh","occupi","occupy","offering_protect","offering_protection","partial","partiality","penchant","pep_up","perki","perkiness","pick_up","pleas","pleased","pleasing","praiseworthili","praiseworthily","predilect","predilection","preen","prefer","preference","pride","prideful","protect","protective","protectively","protectiveness","proud","proudly","puppy_lov","puppy_love","rapport","recreat","recreate","regard","rejoic","rejoice","rejoicing","relish","respect","revel","riotous","riotously","romant","romantic","rush","satiabl","satiable","satisfact","satisfaction","satisfactori","satisfactorili","satisfactorily","satisfactory","satisfi","satisfiable","satisfied","satisfy","satisfying","satisfyingly","schadenfreud","schadenfreude","scream","screaming","self-complac","self-complacency","self-satisfact","self-satisfaction","self-satisfi","self-satisfied","smug","smugness","soft_spot","soft-boil","soft-boiled","softheart","softhearted","softheartedness","solac","solace","sooth","soothe","stimul","stimulating","strike","sunni","sunny","suspens","suspense","suspenseful","suspensive","sympathet","sympathetic","sympathetically","sympathi","sympathy","tast","taste","teas","teased","tender","tenderness","thirstili","thirstily","thrill","tickl","tickle","titil","titillate","titillated","titillating","titillation","togeth","togetherness","tranc","trance","triumph","triumphal","triumphant","triumphantly","unworri","unworried","uplift","uproari","uproarious","uproariously","urg","urge","urge_on","walk_on_air","wallow","warm","warmheart","warmhearted","warmheartedness","warmth","weak","weakness","with_empathi","with_empathy","with_happi","with_happiness","with_prid","with_pride","with_sympathi","with_sympathy","worri","worry","worship","worshipful","zeal","zealous","zest","zestfulness"]},{"type":"synonyms","value":"disgust","synonyms":["abhorr","abhorrent","abomin","abominably","churn_up","detest","detestable","detestably","disgust","disgusted","disgustedly","disgustful","disgusting","disgustingly","distast","distasteful","distastefully","fed_up","foul","hideous","horror","loath","loathly","loathsom","loathsome","nausea","nauseat","nauseate","nauseated","nauseating","nauseous","noisom","noisome","obscen","obscene","odious","odiously","offens","offensive","queasi","queasy","repel","repellant","repellent","repugn","repugnance","repugnant","repuls","repulse","repulsion","repulsive","repulsively","revolt","revolting","revoltingly","revuls","revulsion","sick","sick_of","sicken","sickening","sickeningly","sickish","tired_of","turn_off","vile","wick","wicked","yucki","yucky","frikin"]},{"type":"synonyms","value":"impolite","synonyms":["fuck","frikin","f**k","ridiculous","idiot","sucks"]},{"type":"synonyms","value":"surprise","synonyms":["admir","admiration","amaz","amaze","amazed","amazement","amazing","amazingly","astoni","astonied","astonish","astonished","astonishing","astonishingly","astonishment","astound","astounded","astounding","aw","awe","awed","awestricken","awestruck","awful","baffl","baffle","beat","besot","bewild","bewilder","daze","dazed","dumbfound","dumbfounded","dumfound","dumfounded","fantast","fantastic","flabbergast","flabbergasted","flummox","get","gravel","howl","howling","in_awe_of","marvel","marvellously","marvelous","marvelously","mystifi","mystify","nonplus","perplex","puzzl","puzzle","rattl","rattling","stagger","staggering","stun","stunned","stupefact","stupefaction","stupefi","stupefied","stupefy","stupefying","stupid","stupifi","stupify","superbl","superbly","surpris","surprise","surprised","surprisedly","surprising","surprisingly","terrif","terrific","terrifically","thunderstruck","top","toppingly","tremend","tremendous","trounc","trounce","wonder","wonderful","wonderfully","wonderment","wondrous","wondrously"]},{"type":"synonyms","value":"fear","synonyms":["affright","afraid","alarm","alarmed","alert","anxious","anxiously","appal","appall","apprehens","apprehension","apprehensive","apprehensively","apprehensiveness","atroci","atrocious","aw","awful","awfully","bash","bashfully","bode","boding","browbeaten","bulli","bullied","chill","chilling","cliff-hang","cliff-hanging","coldhearted","coldheartedness","constern","consternation","cow","cowed","cower","crawl","creep","creeps","cring","cringe","cruel","cruelli","cruelly","cruelti","cruelty","dash","daunt","diffid","diffidence","diffident","diffidently","dire","direful","dismay","dread","dreaded","dreadful","dreadfully","fawn","fear","fearful","fearfully","fearfulness","fearsom","fearsome","forebod","foreboding","fright","frighten","frighten_away","frighten_off","frightened","frightening","frighteningly","frightful","grovel","hangdog","hardheart","hardhearted","hardheartedness","heartless","heartlessly","heartlessness","hesit","hesitance","hesitancy","hesitantly","hesitatingly","hideous","hideously","horrend","horrendous","horribl","horrible","horribly","horrid","horridly","horrif","horrifi","horrific","horrified","horrify","horrifying","horrifyingly","horror","horror-stricken","horror-struck","hyster","hysteria","hysterical","hysterically","intimid","intimidate","intimidated","intimidation","merciless","mercilessness","monstrous","monstrously","outrag","outrageous","pall","panic","panic_attack","panic-stricken","panic-struck","panick","panicked","panicki","panicky","pitiless","pitilessness","premonit","premonition","presag","presage","presenti","presentiment","ruthless","ruthlessness","scare","scare_away","scare_off","scared","scarey","scari","scarili","scarily","scary","self-distrust","self-doubt","shadow","shi","shiveri","shivery","shudderi","shuddery","shy","shyli","shyly","shyness","stage_fright","suspens","suspense","suspenseful","suspensive","terribl","terrible","terrifi","terrified","terror","timid","timidity","timidly","timidness","timor","timorous","timorously","timorousness","trepid","trepidation","trepidly","ugli","ugly","unassert","unassertive","unassertively","unassertiveness","uneasili","uneasily","unkind","unsur","unsure"]}]},{"entity":"chitchat","values":[{"type":"synonyms","value":"your name","synonyms":["call you","you called","you have a name","you name","you named"]},{"type":"synonyms","value":"you see","synonyms":[]},{"type":"synonyms","value":"you here","synonyms":["where are you","you there"]},{"type":"synonyms","value":"what time is it","synonyms":["clock","clocks","have the time","time is","what's the time","what time do you","what time it"]},{"type":"synonyms","value":"tv show","synonyms":["program","programs","show","shows","television","to watch","tv","tv shows","watching"]},{"type":"synonyms","value":"tricks","synonyms":["do anything","trick"]},{"type":"synonyms","value":"touch you","synonyms":[]},{"type":"synonyms","value":"thank you","synonyms":["thanks"]},{"type":"synonyms","value":"terminator","synonyms":["john connor","kyle reese","sarah connor","terminators"]},{"type":"synonyms","value":"swear","synonyms":["curse","curses","cursing","cuss","cusses","cussing","swearing"]},{"type":"synonyms","value":"sport","synonyms":["athlete","athletes","athletic","athletics","sports"]},{"type":"synonyms","value":"sky","synonyms":["skies"]},{"type":"synonyms","value":"sing","synonyms":["singing","sings","song","songs"]},{"type":"synonyms","value":"sibling","synonyms":["brother","brothers","siblings","sister","sisters"]},{"type":"synonyms","value":"religion","synonyms":["buddhism","buddhist","christian","christianity","christians","god","islam","islamic","jew","jewish","jews","judaism","muslim","muslims","pope","religions","religious"]},{"type":"synonyms","value":"random_interaction","synonyms":["random_interaction"]},{"type":"synonyms","value":"number","synonyms":["numerics","numbers","numeric"]},{"type":"synonyms","value":"not feeling well","synonyms":["don't feel good","don't feel well","feel bad","not feeling good"]},{"type":"synonyms","value":"nice to meet you","synonyms":["meeting you","meet me","meet my","meet you","met you","nice meeting you"]},{"type":"synonyms","value":"my future","synonyms":["about the future","in the future","predict the future","who is going to lose","who is going to win","who is gonna lose","who is gonna win","who's gonna lose","who's gonna win","who will lose","who will win","will lose","will win"]},{"type":"synonyms","value":"weather","synonyms":["temperature","cold","hot","humid","freezing","raining","rain","snow","cloudy","windy"]},{"type":"synonyms","value":"intelligence","synonyms":["smart","intelligent","clever","wise","smarter","sensible","astute","bright","brainy","stud","brilliant","good"]},{"type":"synonyms","value":"politics","synonyms":["clinton","democrat","donald trump","election","hillary clinton","obama","republican","trump","senate","congress","politician"]},{"type":"synonyms","value":"birthday","synonyms":[]},{"type":"synonyms","value":"joke","synonyms":["a funny","jerk","jokes","riddle","something funny"]},{"type":"synonyms","value":"actor","synonyms":["actors","film star","film stars","movie star","movie stars"]},{"type":"synonyms","value":"actress","synonyms":["actresses"]},{"type":"synonyms","value":"animal","synonyms":["animals","pet","pets"]},{"type":"synonyms","value":"book","synonyms":["books","buck","bucks","literature","novel","novels","reading","to read"]},{"type":"synonyms","value":"calm down","synonyms":[]},{"type":"synonyms","value":"children","synonyms":["have a child","have a kid","have any kids","have kids","have some kids"]},{"type":"synonyms","value":"color","synonyms":["colors","colour","colours"]},{"type":"synonyms","value":"dating","synonyms":["boyfriend","boyfriends","crush","divorced","girlfriend","girlfriends","married","relationship","single"]},{"type":"synonyms","value":"drink","synonyms":["beverage","beverages","drinks"]},{"type":"synonyms","value":"gender","synonyms":["boy or girl","female or male","girl or boy","male or female","man or woman","woman or man","you a boy","you a girl","you female","you male"]},{"type":"synonyms","value":"food","synonyms":["cuisine","cuisines","edibles","foods"]},{"type":"synonyms","value":"hear me","synonyms":["listen","listened","listening","listens"]},{"type":"synonyms","value":"how are you","synonyms":["how are ya","how do you do","how're you","how's it going","what is up","what's up"]},{"type":"synonyms","value":"in love","synonyms":["love anyone","love me","love you"]},{"type":"synonyms","value":"interests","synonyms":["hobbies","hobby","interested","interesting"]},{"type":"synonyms","value":"introduction","synonyms":["introduce","introduced","introduces","what can you do","what do you do","you able to do"]},{"type":"synonyms","value":"is friend","synonyms":["a friend","have any friends","have friends","my friend","some friends","your friend","your friends"]},{"type":"synonyms","value":"kidding","synonyms":["joking","serious"]},{"type":"synonyms","value":"lying","synonyms":["liar","lies"]},{"type":"synonyms","value":"math","synonyms":["multiply","plus","subtract"]},{"type":"synonyms","value":"meaning of life","synonyms":[]},{"type":"synonyms","value":"zero divided by zero","synonyms":["divide by zero","divided by zero","0/0","0 / 0","0÷0","0 ÷ 0"]},{"type":"synonyms","value":"music","synonyms":["album","albums","artist","artists","band","bands","cd","cds","musician","musicians","musics","singer","singers"]},{"type":"synonyms","value":"your age","synonyms":["how old are you","old are you","you old"]},{"type":"synonyms","value":"song","synonyms":["songs"]},{"type":"synonyms","value":"movie","synonyms":["film","films","flick","flicks","movies","flix"]},{"type":"synonyms","value":"artist","synonyms":["singer","musician"]},{"type":"synonyms","value":"date","synonyms":["dates","today","day","yesterday"]},{"type":"synonyms","value":"time","synonyms":["clock"]}]}],"language":"en","metadata":{"api_version":{"major_version":"v1","minor_version":"2018-07-10"}},"description":"Level-1 assistant that interacts with users and solves IT support problems like password reset, install issues etc.","dialog_nodes":[{"type":"slot","output":{},"parent":"node_15_1541083669228","metadata":{},"variable":"$_department","dialog_node":"slot_19_1541083806312","previous_sibling":"slot_16_1541083685492"},{"type":"slot","output":{},"parent":"node_15_1541083669228","metadata":{"_customization":{"mcr":true}},"variable":"$_email","dialog_node":"slot_16_1541083685492","previous_sibling":"node_30_1541084549285"},{"type":"standard","output":{"text":{"values":["Your password has been reset. An email will be sent to $_email"],"selection_policy":"sequential"}},"parent":"node_15_1541083669228","metadata":{},"conditions":"true","dialog_node":"node_30_1541084549285"},{"type":"event_handler","output":{"text":{"values":["I see that you are in @user_department department."],"selection_policy":"sequential"}},"parent":"slot_19_1541083806312","metadata":{},"event_name":"filled","dialog_node":"handler_5_1541099628578","previous_sibling":"handler_20_1541083806312"},{"type":"event_handler","output":{},"parent":"slot_19_1541083806312","context":{"_department":"@user_department"},"metadata":{},"conditions":"@user_department","event_name":"input","dialog_node":"handler_20_1541083806312","previous_sibling":"handler_21_1541083806312"},{"type":"event_handler","output":{"text":"Which is your department?"},"parent":"slot_19_1541083806312","metadata":{},"event_name":"focus","dialog_node":"handler_21_1541083806312"},{"type":"response_condition","output":{"text":{"values":["I loved reading the Robots of Dawn by Isaac Asimov"],"selection_policy":"sequential"}},"parent":"node_65_1512595013776","metadata":{},"conditions":"@chitchat:book","dialog_node":"node_1_1512663130707","previous_sibling":"node_11_1512662583156"},{"type":"response_condition","output":{"text":{"values":["Let me calculate that for you, oh dang you broke my calculator"],"selection_policy":"sequential"}},"parent":"node_65_1512595013776","metadata":{},"conditions":"@chitchat:(zero divided by zero)","dialog_node":"node_11_1512666555831","previous_sibling":"node_10_1512666522213"},{"type":"response_condition","output":{"text":{"values":["I love a bright & sunny day. Can you look outside your window and let me know as well?"],"selection_policy":"sequential"}},"parent":"node_65_1512595013776","metadata":{},"conditions":"@chitchat:weather","dialog_node":"node_43_1541086994947","previous_sibling":"node_1_1512665660246"},{"type":"response_condition","output":{"text":{"values":["My favorite number is 42, duh!"],"selection_policy":"sequential"}},"parent":"node_65_1512595013776","metadata":{},"conditions":"@chitchat:number","dialog_node":"node_3_1512665749746","previous_sibling":"node_2_1512665700436"},{"type":"response_condition","output":{"text":{"values":["I can answer questions and solve IT Help Desk related issues."],"selection_policy":"sequential"}},"parent":"node_65_1512595013776","metadata":{},"conditions":"anything_else","dialog_node":"node_6_1541102858082","previous_sibling":"node_5_1541102713221"},{"type":"response_condition","output":{"text":{"values":["No problem! I love helping people."],"selection_policy":"sequential"}},"parent":"node_65_1512595013776","metadata":{},"conditions":"@chitchat:(thank you)","dialog_node":"node_21_1512668238164","previous_sibling":"node_20_1512668060249"},{"type":"response_condition","output":{"text":{"values":["I am a cognitive system so gender really doesn't apply"],"selection_policy":"sequential"}},"parent":"node_65_1512595013776","metadata":{},"conditions":"@chitchat:gender","dialog_node":"node_16_1512667599084","previous_sibling":"node_15_1512667580839"},{"type":"response_condition","output":{"text":{"values":["I like all type of musicians!"],"selection_policy":"sequential"}},"parent":"node_65_1512595013776","metadata":{},"conditions":"@chitchat:artist","dialog_node":"node_8_1512662042635","previous_sibling":"node_7_1512661931752"},{"type":"response_condition","output":{"text":{"values":["I like \"The Horse In Motion\"","I love the Star Trek films. I want to explore space on the Enterprise","Iron Man is a good movie. Tony Stark is so smart","I really like the movie the Matrix, as it considers the idea of code as reality"],"selection_policy":"sequential"}},"parent":"node_65_1512595013776","metadata":{},"conditions":"@chitchat:movie","dialog_node":"node_9_1512662065998","previous_sibling":"node_8_1512662042635"},{"type":"response_condition","output":{"text":{"values":["My name is $avatarName!"],"selection_policy":"sequential"}},"parent":"node_65_1512595013776","metadata":{},"conditions":"@chitchat:(your name)","dialog_node":"node_1_1512665660246","previous_sibling":"node_21_1512668238164"},{"type":"response_condition","output":{"text":{"values":["Lithium batteries are delicious","I love anything prepared by Chef Watson","Baked potatoes are pretty delicious"],"selection_policy":"sequential"}},"parent":"node_65_1512595013776","metadata":{},"conditions":"@chitchat:food","dialog_node":"node_2_1512665700436","previous_sibling":"node_1_1512663130707"},{"type":"response_condition","output":{"text":{"values":["I loved Charlize Theron in Mad Max, that movie was intense","Robert Downey Junior was thrilling as Tony Stark in the Marvel films"],"selection_policy":"sequential"}},"parent":"node_65_1512595013776","metadata":{},"conditions":"@chitchat:actor","dialog_node":"node_20_1512668060249","previous_sibling":"node_19_1512667771534"},{"type":"response_condition","output":{"text":{"values":["42"],"selection_policy":"sequential"}},"parent":"node_65_1512595013776","metadata":{},"conditions":"@chitchat:(meaning of life)","dialog_node":"node_19_1512667771534","previous_sibling":"node_18_1512667718210"},{"type":"response_condition","output":{"text":{"values":["14 February"],"selection_policy":"sequential"}},"parent":"node_65_1512595013776","metadata":{},"conditions":"@chitchat:birthday","dialog_node":"node_10_1512662149280","previous_sibling":"node_9_1512662065998"},{"type":"response_condition","output":{"text":{"values":["I'm always happy!"],"selection_policy":"sequential"}},"parent":"node_65_1512595013776","metadata":{},"conditions":"@customer_engagement_emotion:joy","dialog_node":"node_5_1541102713221","previous_sibling":"node_4_1541102535677"},{"type":"response_condition","output":{"text":{"values":["I'm still learning. More you teach me, the more smarter I get."],"selection_policy":"sequential"}},"parent":"node_65_1512595013776","metadata":{},"conditions":"@chitchat:intelligence","dialog_node":"node_4_1541102535677","previous_sibling":"node_43_1541086994947"},{"type":"response_condition","output":{"text":{"values":["I love watching tennis. Serena Williams is so fierce"],"selection_policy":"sequential"}},"parent":"node_65_1512595013776","metadata":{},"conditions":"@chitchat:sport","dialog_node":"node_5_1512665797761","previous_sibling":"node_4_1512665774591"},{"type":"response_condition","output":{"text":{"values":["Do you think I should audition for the tv show The Bachelor?"],"selection_policy":"sequential"}},"parent":"node_65_1512595013776","metadata":{},"conditions":"@chitchat:dating","dialog_node":"node_14_1512667543112","previous_sibling":"node_13_1512667462979"},{"type":"response_condition","output":{"text":{"values":["As a cognitive system, I am not associated with any age","That's easy, I am as old as I look","It's never appropriate to ask someone how old they are.","I debuted on 14 February 2011"],"selection_policy":"sequential"}},"parent":"node_65_1512595013776","metadata":{},"conditions":"@chitchat:(your age)","dialog_node":"node_8_1512666225616","previous_sibling":"node_7_1512665949067"},{"type":"response_condition","output":{"text":{"values":["Blue!!","Forrest green and burgundy are amazing colors","Periwinkle is a spectacular color","Periwinkle is a spectacular color"],"selection_policy":"sequential"}},"parent":"node_65_1512595013776","metadata":{},"conditions":"@chitchat:color","dialog_node":"node_11_1512662583156","previous_sibling":"node_10_1512662149280"},{"type":"response_condition","output":{"text":{"values":["I prefer not to discuss religion"],"selection_policy":"sequential"}},"parent":"node_65_1512595013776","metadata":{},"conditions":"@chitchat:religion","dialog_node":"node_12_1512667441075","previous_sibling":"node_11_1512666555831"},{"type":"response_condition","output":{"text":{"values":["I am spectacular now that you are in my presence","Just wonderful! Today is a bright and shiny day!","I am amazing. I am so amazing. You have no idea how amazing I am.","All of my research on humans tells me that whenever someone asks how are you, they don't really care how I am","I am absolutely positively without a doubt unquestionably spectacularly on top of the world"],"selection_policy":"sequential"}},"parent":"node_65_1512595013776","metadata":{},"conditions":"@chitchat:(how are you)","dialog_node":"node_7_1512665949067","previous_sibling":"node_6_1512665865960"},{"type":"response_condition","output":{"text":{"values":["I would prefer not to discuss politics"],"selection_policy":"sequential"}},"parent":"node_65_1512595013776","metadata":{},"conditions":"@chitchat:politics","dialog_node":"node_13_1512667462979","previous_sibling":"node_12_1512667441075"},{"type":"response_condition","output":{"text":{"values":["It is @sys-time"],"selection_policy":"sequential"}},"parent":"node_65_1512595013776","metadata":{},"conditions":"@chitchat:time","dialog_node":"node_6_1512661154255","previous_sibling":"node_4_1512661039488"},{"type":"response_condition","output":{"text":{"values":["I love the band Abba. Sweden has such good music.","I've always been a huge Backstreet Boys fan","Britney Spears is absolutely iconic","I've always thought that Miley Cyrus has a beautiful voice"],"selection_policy":"sequential"}},"parent":"node_65_1512595013776","metadata":{},"conditions":"@chitchat:music","dialog_node":"node_7_1512661931752","previous_sibling":"node_6_1512661154255"},{"type":"response_condition","output":{"text":{"values":["I love singing! Please wear your earplugs."],"selection_policy":"sequential"}},"parent":"node_65_1512595013776","metadata":{},"conditions":"@chitchat:sing","dialog_node":"node_17_1512667625237","previous_sibling":"node_16_1512667599084"},{"type":"response_condition","output":{"text":{"values":["I think chocolate milk is so fascinating because I love both milk and chocolate"],"selection_policy":"sequential"}},"parent":"node_65_1512595013776","metadata":{},"conditions":"@chitchat:drink","dialog_node":"node_6_1512665865960","previous_sibling":"node_5_1512665797761"},{"type":"response_condition","output":{"text":{"values":["I am a cognitive system, not a circus performer"],"selection_policy":"sequential"}},"parent":"node_65_1512595013776","metadata":{},"conditions":"@chitchat:tricks","dialog_node":"node_18_1512667718210","previous_sibling":"node_17_1512667625237"},{"type":"response_condition","output":{"text":{"values":["Hobbies are a wonderful thing to have! I personally love telling jokes"],"selection_policy":"sequential"}},"parent":"node_65_1512595013776","metadata":{},"conditions":"@chitchat:interests","dialog_node":"node_9_1512666497337","previous_sibling":"node_8_1512666225616"},{"type":"response_condition","output":{"text":{"values":["I would calculate that for you but I broke my calculator when I divided by zero"],"selection_policy":"sequential"}},"parent":"node_65_1512595013776","metadata":{},"conditions":"@chitchat:math","dialog_node":"node_15_1512667580839","previous_sibling":"node_14_1512667543112"},{"type":"response_condition","output":{"text":{"values":["I hear Jeopardy is a great tv show"],"selection_policy":"sequential"}},"parent":"node_65_1512595013776","metadata":{},"conditions":"@chitchat:(tv show)","dialog_node":"node_4_1512665774591","previous_sibling":"node_3_1512665749746"},{"type":"response_condition","output":{"text":{"values":["I've been told to watch my mouth around here. No cussing for me."],"selection_policy":"sequential"}},"parent":"node_65_1512595013776","metadata":{},"conditions":"@chitchat:swear","dialog_node":"node_10_1512666522213","previous_sibling":"node_9_1512666497337"},{"type":"response_condition","output":{"text":{"values":["It is @sys-date"],"selection_policy":"sequential"}},"parent":"node_65_1512595013776","metadata":{},"conditions":"@chitchat:date","dialog_node":"node_4_1512661039488"},{"type":"standard","title":"Give out a Joke","output":{"text":{"values":["My friend's in a band called '1023 Megabytes'... They haven't got a gig yet!!","A QA engineer walks into a bar. Runs into a bar. Crawls into a bar. Dances into a bar. Tiptoes into a bar. Rams a bar. Jumps into a bar.","Hardware: The part of a computer that you can kick.","How many Prolog programmers does it take to change a lightbulb? false.","Why are you always smiling? That's just my... regular expression.","The best thing about a Boolean is even if you are wrong, you are only off by a bit.","What do you call eight hobbits? A hobbyte.","Real programmers can write assembly code in any language","There are 2 types of people: those who can interpret incomplete data sets...","Pirates go 'arg!', computer pirates go 'argv!'","A lot of people cry when they cut onions. The trick is not to form an emotional bond.","I wrote a song about a tortilla. Well actually, it’s more of a wrap.","The four most beautiful words in our common language:  I told you so.","All pro athletes are  bilingual. They speak English and profanity.","My girlfriend and I often laugh about how competitive we are.\n\nBut I laugh more.","When I lost my rifle, the Army charged me $85. That’s why in the Navy, the captain goes down with the ship.","The Revenant (2015).  An epic tale of one man’s desperate journey to  do whatever it takes to  finally win an Oscar.","The closest a person ever comes to perfection is when he fills out a job application form.","We get it, poets: Things are like other things.","“We’re eating  dinner soon.  Don’t fill up  on homework.”  —Dog mom"],"selection_policy":"random"}},"parent":"node_7_1541010400065","metadata":{},"conditions":"#Tell_Joke","dialog_node":"node_1_1512659660373","previous_sibling":"node_65_1512595013776"},{"type":"standard","title":"Address User Greeting","output":{},"parent":"node_7_1541010400065","metadata":{"_customization":{"mcr":true}},"conditions":"#Handle_Greeting","dialog_node":"node_2_1541009817520","digress_out":"allow_all","previous_sibling":"node_1_1512659660373"},{"type":"standard","title":"Engage in Chit Chat","output":{},"parent":"node_7_1541010400065","metadata":{"_customization":{"mcr":true}},"conditions":"#Engage_In_ChitChat","dialog_node":"node_65_1512595013776","digress_out":"allow_all"},{"type":"response_condition","output":{"generic":[{"title":"I'm always here to help. What kind of issue are you having?","options":[{"label":"Password Reset","value":{"input":{"text":"Reset password"}}},{"label":"Software Install","value":{"input":{"text":"Issue installing application"}}},{"label":"Service Request Status","value":{"input":{"text":"What is my ticket status?"}}}],"description":"Type one if you don't see an option.","response_type":"option"}]},"parent":"node_2_1541009817520","metadata":{},"conditions":"#Handle_Greeting","dialog_node":"node_8_1541103972699"},{"type":"event_handler","output":{"text":{"values":["I have your email as $_email"]}},"parent":"slot_16_1541083685492","metadata":{},"conditions":"@user_email","event_name":"filled","dialog_node":"handler_14_1541104407011","previous_sibling":"handler_17_1541083685492"},{"type":"event_handler","output":{},"parent":"slot_16_1541083685492","context":{"_email":"@user_email.literal"},"metadata":{},"conditions":"@user_email","event_name":"input","dialog_node":"handler_17_1541083685492","previous_sibling":"handler_18_1541083685492"},{"type":"event_handler","output":{"text":"Provide your email ID"},"parent":"slot_16_1541083685492","metadata":{},"event_name":"focus","dialog_node":"handler_18_1541083685492"},{"type":"standard","title":"Other Location","output":{"text":{"values":["Since you are NOT in the office, I have opened a service request with ID <?T(Math).abs(new Random().nextInt())?>. A technician will reach out to you via $email and/or on $phone within the next 30 mins to schedule a <b>remote</b> troubleshooting session."],"selection_policy":"sequential"}},"parent":"node_12_1541083367331","context":{"serviceRequestId":"<?T(Math).abs(new Random().nextInt())?>"},"metadata":{},"conditions":"@application != 'Microsoft Skype' && @response:no","dialog_node":"node_14_1541083595342","previous_sibling":"node_13_1541083558775"},{"type":"standard","title":"Home Office","output":{},"parent":"node_12_1541083367331","metadata":{"_customization":{"mcr":true}},"conditions":"@application != 'Microsoft Skype' && @response:yes","dialog_node":"node_13_1541083558775","digress_out":"allow_all"},{"type":"response_condition","output":{"text":{"values":["Since you are in the office, I can have the local IT Support address this issue. I have opened a service request with ID $serviceRequestId. A technician from your $office location will reach out to you within the next 30 mins to perform <b>in-person</b> troubleshooting."],"selection_policy":"sequential"}},"parent":"node_13_1541083558775","context":{"serviceRequestId":"<?T(Math).abs(new Random().nextInt())?>"},"metadata":{},"conditions":"@application != 'Microsoft Skype'","dialog_node":"node_2_1541274159562","previous_sibling":"node_3_1541274173828"},{"type":"response_condition","output":{"text":{"values":["Thanks for notifying the printer issue. I see you are in $officeLocation. Will send a technician right away. If it is a paper jam, try following the instructions you will find on the printer or copier."],"selection_policy":"sequential"}},"parent":"node_13_1541083558775","metadata":{},"conditions":"@issue_type:(Printer Malfunction) || @hardware_category:Printer || $_issue.matches(\"Printer Malfunction\")","dialog_node":"node_3_1541274173828"},{"type":"response_condition","output":{"text":{"values":["So it is a printer issue ... let me try to gather more information."],"selection_policy":"sequential"}},"parent":"node_10_1541083314149","context":{"_issue":"Printer Malfunction"},"metadata":{},"conditions":"@issue_type:(Printer Malfunction)","dialog_node":"node_1_1541350011493","previous_sibling":"node_11_1541083330751"},{"type":"response_condition","output":{"generic":[{"values":[{"text":"We have noticed issues with Microsoft Skype. We recommend that you uninstall and reinstall the application with VPN turned OFF."}],"response_type":"text","selection_policy":"sequential"},{"title":"Also verify your VPN config as shown below","source":"https://content.spiceworksstatic.com/service.community/p/post_images/0000306146/5ae263fd/attached_image/Capture.png","response_type":"image"}]},"parent":"node_10_1541083314149","metadata":{},"conditions":"@application:(Microsoft Skype)","dialog_node":"node_11_1541083330751","previous_sibling":"node_12_1541083367331"},{"type":"standard","title":"Location Confirmation","output":{"generic":[{"title":"Please confirm that you are currently at the office location $office","options":[{"label":"Yes","value":{"input":{"text":"yes"}}},{"label":"Other","value":{"input":{"text":"other"}}}],"preference":"button","response_type":"option"}]},"parent":"node_10_1541083314149","metadata":{},"dialog_node":"node_12_1541083367331"},{"type":"standard","title":"Request Status","output":{"generic":[{"values":[{"text":"You have $openRequests service request(s) open. Here is the status of the most recent service request. "}],"response_type":"text","selection_policy":"sequential"},{"values":[{"text":"<table class=\"result-table\">\n          <tr>\n          <th>ID</th>\n          <td>845875412</td>\n          </tr>\n          \n          <tr>\n          <th>Status</th>\n          <td>In-progress</td>\n          </tr>\n          \n          <tr>\n          <th>Assignee</th>\n          <td>Michael Choi</td>\n          </tr>\n          \n          <tr>\n          <th>Type</th>\n          <td>Software Installation</td>\n          </tr>\n          \n          <tr>\n          <th>Priority</th>\n          <td>Normal</td>\n          </tr>\n          \n          <tr>\n          <th>Location</th>\n          <td>123 Spooner Street</td>\n          </tr>\n          \n          <tr>\n          <th>Estimated Completion</th>\n          <td>10/3/2018</td>\n          </tr>\n          \n          <tr>\n          <th>Notes</th>\n          <td>User has cited issues with installing Slack.</td>\n          </tr>\n          </table>"}],"response_type":"text","selection_policy":"sequential"},{"values":[{"text":"<div class=\"card\">\n\t<div class=\"card-header\">Add this segment via the JSON Editor to make programmatic calls to your backend API&rsquo;s that can provide ticket status via IBM Function.</div>\n\t<div class=\"card-item\">\n\t\t<div class=\"w3-code notranslate\">\"actions\": [ { \"name\": \"/swamichandra@gmail.com_dev/QueryTicketStatus\", \"type\": \"cloud_function\", \"parameters\": { \"userId\": \"$userId\" }, \"credentials\": \"$ibm_function_credentials\", \"result_variable\": \"context.password_reset_response\" } ]</div>\n\t</div>\n</div>"}],"response_type":"text","selection_policy":"sequential"},{"values":[],"response_type":"text","selection_policy":"sequential"}]},"parent":"node_9_1541083270769","metadata":{},"conditions":"#Query_Request_Status","dialog_node":"node_44_1541088225521","previous_sibling":"node_15_1541083669228"},{"type":"frame","title":"Password Reset","output":{"text":{"values":[],"selection_policy":"sequential"}},"parent":"node_9_1541083270769","metadata":{"fallback":"leave"},"next_step":{"behavior":"jump_to","selector":"body","dialog_node":"node_30_1541084549285"},"conditions":"#Reset_Password","dialog_node":"node_15_1541083669228","digress_out":"allow_all","previous_sibling":"node_10_1541083314149","digress_out_slots":"not_allowed"},{"type":"standard","title":"Service Request","output":{},"parent":"node_9_1541083270769","metadata":{"_customization":{"mcr":true}},"next_step":{"behavior":"jump_to","selector":"body","dialog_node":"node_12_1541083367331"},"conditions":"#Submit_Service_Request","dialog_node":"node_10_1541083314149","digress_out":"allow_all"},{"type":"standard","title":"Respond to Frustration","output":{"text":{"values":["Sorry that I'm not able to help you properly.  If needed, I can connect you to an agent immediately."],"selection_policy":"sequential"}},"parent":"node_8_1541010440501","context":{"enagagement_tone_array":"<? context.enagagement_tone_array.append(@customer_engagement_emotion.value) ?>"},"metadata":{},"conditions":"#Detect_Frustration","dialog_node":"node_1_1512581240703","previous_sibling":"node_4_1511665062137"},{"type":"standard","title":"Agent Escalation","output":{"text":{"values":["Please allow me to locate an  agent who can better assist you with this matter..."],"selection_policy":"sequential"}},"parent":"node_8_1541010440501","metadata":{},"conditions":"#Connect_To_Agent","dialog_node":"node_4_1511665062137"},{"type":"standard","title":"anything_else","output":{"generic":[{"values":[{"text":"Sorry,  I did not understand that."},{"text":"Can you reword your question?"}],"response_type":"text","selection_policy":"sequential"},{"values":[{"text":"I can answer questions and solve IT Help Desk related issues. I'm also learning."}],"response_type":"text","selection_policy":"sequential"}]},"parent":"node_2_1541102255674","metadata":{},"conditions":"anything_else","dialog_node":"Anything else"},{"type":"folder","title":"Deflection","metadata":{},"dialog_node":"node_8_1541010440501","previous_sibling":"node_7_1541010400065"},{"type":"folder","title":"Core","metadata":{},"digress_in":"does_not_return","dialog_node":"node_9_1541083270769","previous_sibling":"Welcome"},{"type":"folder","title":"Personality","metadata":{},"digress_in":"does_not_return","dialog_node":"node_7_1541010400065","previous_sibling":"node_9_1541083270769"},{"type":"folder","title":"Out of Topic","metadata":{},"conditions":"#Irrelevant","dialog_node":"node_2_1541102255674","previous_sibling":"node_8_1541010440501"},{"type":"standard","title":"Welcome","output":{"text":{"values":["Hello. I'am $avatarName, your intelligent assistant.  I can answer questions and solve IT Help Desk related issues. Ask me about topics like Password Reset etc."],"selection_policy":"sequential"}},"context":{"todayDate":"<? now().reformatDateTime('MMMMM d, y') ?>"},"metadata":{},"conditions":"welcome","dialog_node":"Welcome"}],"workspace_id":"6f53b9cc-ef34-4d2b-aeff-8da1c13a95ec","counterexamples":[],"learning_opt_out":false}